Workbook

Sheet Especialistas
A1: Salario
A2: 4312000 | C2: Cantidad de datos | D2: =+COUNT(A2:A81) -> 80 | E2: >=CONTAR(A2:A81)
A3: 4250000 | C3: Cantidad de intervalos | D3: =SQRT(D2) -> 8.9442719 | E3: >=RAIZ(D2)
A4: 3197319 | C4: Cantidad de intervalos | D4: =INT(D3) -> 8 | E4: >=ENTERO(D3)
A5: 3080000
A6: 1000000 | C6: Valor máximo | D6: =MAX(A2:A81) -> 7500000 | E6: >=MAX(A2:A81)
A7: 2300000 | C7: Valor mínimo | D7: =MIN(A2:A81) -> 900000 | E7: >=MIN(A2:A81)
A8: 4066000
A9: 6085454 | C9: Amplitud intervalo | D9: =(D6-D7)/D4 -> 825000 | E9: >=(D6-D7)/D4
A10: 6085454
A11: 6085454 | C11: Clase | D11: Frecuencia | E11: % acumulado
A12: 6085454 | C12: 900000 | D12: 1 | E12: 0.0125
A13: 6085454 | C13: 1725000 | D13: 4 | E13: 0.0625
A14: 6085454 | C14: 2550000 | D14: 2 | E14: 0.0875
A15: 6085454 | C15: 3375000 | D15: 12 | E15: 0.2375
A16: 6085454 | C16: 4200000 | D16: 7 | E16: 0.325
A17: 6085454 | C17: 5025000 | D17: 12 | E17: 0.475
A18: 3729631 | C18: 5850000 | D18: 20 | E18: 0.725
A19: 1000000 | C19: 6675000 | D19: 19 | E19: 0.9625
A20: 3500000 | C20: y mayor... | D20: 3 | E20: 1
A21: 2800000
A22: 3000000 | C22: Frecuencia de $6.300.000 | D22: =+COUNTIF(A2:A81,"=6300000") -> 5 | E22: >=CONTAR.SI(A2:A81;"=6300000")
A23: 3000000 | C23: P(x = 6.300.000) | D23: =+D22/D2 -> 0.0625 | E23: >=D22/D2
A24: 3696000 | C24: Frecuencia de <$6.300.000 | D24: =+COUNTIF(A2:A81,"<=6300000") -> 75 | E24: >=CONTAR.SI(A2:A81;"<=6300000")
A25: 4312000 | C25: P(x <= 6.300.000) | D25: =+D24/D2 -> 0.9375 | E25: >=D24/D2
A26: 4928000
A27: 3351720 | C27: Frecuencia de $4.000.000 | D27: =+COUNTIF(A2:A81,"=4000000") -> 2
A28: 5000000 | C28: P(x = 4.000.000) | D28: =+D27/D2 -> 0.025 | E28: Probabilidad individual
A29: 7000000 | C29: Frecuencia de <$4.000.000 | D29: =+COUNTIF(A2:A81,"<=4000000") -> 25
A30: 5500000 | C30: P(x <= 4.000.000) | D30: =+D29/D2 -> 0.3125 | E30: Probabilidad acumulada
A31: 5500000
A32: 4000000 | C32: Promedio | D32: =AVERAGE(A2:A81) -> 4731496.3 | E32: >=PROMEDIO(A2:A81)
A33: 2700000 | C33: Mediana | D33: =MEDIAN(A2:A81) -> 5500000 | E33: >=MEDIANA(A2:A81)
A34: 2396000 | C34: Moda | D34: =MODE(A2:A81) -> 6085454 | E34: >=MODA(A2:A81)
A35: 1378910
A36: 4224000 | C36: PERCENTILES | D36: SALARIO
A37: 3000000 | C37: 0.01 | D37: =PERCENTILE($A$2:$A$81,C37) -> 922120 | E37: >=PERCENTIL($A$2:$A$81;C27)
A38: 5934172 | C38: 0.1 | D38: =PERCENTILE($A$2:$A$81,C38) -> 2790000
A39: 4000000 | C39: 0.2 | D39: =PERCENTILE($A$2:$A$81,C39) -> 3080000
A40: 5531839 | C40: 0.25 | D40: =PERCENTILE($A$2:$A$81,C40) -> 3635518.2
A41: 5531839 | C41: 0.5 | D41: =PERCENTILE($A$2:$A$81,C41) -> 5500000 | E41: Mediana
A42: 5531839 | C42: 0.75 | D42: =PERCENTILE($A$2:$A$81,C42) -> 5989025
A43: 5531839 | C43: 0.9 | D43: =PERCENTILE($A$2:$A$81,C43) -> 6300000
A44: 5531839 | C44: 0.95 | D44: =PERCENTILE($A$2:$A$81,C44) -> 6500000 | E44: >=PERCENTIL($A$2:$A$81;C34)
A45: 5531839
A46: 5531839 | C46: Varianza | D46: =VAR(A2:A81) -> 2.4773289e+12 | E46: >=VAR(A2:A81)
A47: 5846047 | C47: Desviación estándar | D47: =STDEV(A2:A81) -> 1573953.3 | E47: >=DESVEST(A2:A81)
A48: 5846047 | C48: Coeficiente de variación | D48: =D47/D32 -> 0.33265444 | E48: >=D37/D22
A49: 5500000 | C49: Sesgo | D49: =SKEW(A2:A81) -> -0.75132717 | E49: >=COEFICIENTE.ASIMETRIA(A2:A81)
A50: 7500000 | C50: Curtosis | D50: =KURT(A2:A81) -> -0.12072136 | E50: >=CURTOSIS(A2:A81)
A51: 7350000
A52: 3000000
A53: 4400000
A54: 3680691
A55: 5544000 | C55: Salario
A56: 4928000
A57: 928000 | C57: Media | D57: 4731496.3
A58: 4928000 | C58: Error típico | D58: 175973.32
A59: 5544000 | C59: Mediana | D59: 5500000
A60: 4928000 | C60: Moda | D60: 6085454
A61: 5544000 | C61: Desviación estándar | D61: 1573953.3
A62: 6500000 | C62: Varianza de la muestra | D62: 2.4773289e+12
A63: 3080000 | C63: Curtosis | D63: -0.12072136
A64: 3080000 | C64: Coeficiente de asimetría | D64: -0.75132717
A65: 3080000 | C65: Rango | D65: 6600000
A66: 4312000 | C66: Mínimo | D66: 900000
A67: 5544000 | C67: Máximo | D67: 7500000
A68: 6300000 | C68: Suma | D68: 378519702
... A71: 6300000 | C71: Menor(50) | D71: 5544000
A72: 6300000
A73: 6300000
A74: 5956882
A75: 4690870
A76: 6085454
A77: 5544000
A78: 5544000
A79: 5544000
A80: 5544000
A81: 900000

Sheet Profesionales
A1: Salario
A2: 2500000 | C2: Cantidad de datos | D2: =+COUNT(A2:A1134) -> 1133
A3: 2000000 | C3: Cantidad de intervalos | D3: =SQRT(D2) -> 33.660065
A4: 2695000 | C4: Cantidad de intervalos | D4: =INT(D3) -> 33
A5: 1500000
A6: 3000000 | C6: Valor máximo | D6: =MAX(A2:A1134) -> 12000000
A7: 1000000 | C7: Valor mínimo | D7: =MIN(A2:A1134) -> 500000
A8: 1700000
A9: 1289700 | C9: Amplitud intervalo | D9: =(D6-D7)/D4 -> 348484.85
A10: 1379000
A11: 2464000 | C11: Clase | D11: Frecuencia | E11: % acumulado
A12: 2000000 | C12: 500000 | D12: 1 | E12: 0.00088339223
A13: 3672000 | C13: 848484.85 | D13: 25 | E13: 0.022968198
A14: 3300000 | C14: 1196969.7 | D14: 57 | E14: 0.073321555
A15: 1000000 | C15: 1545454.5 | D15: 127 | E15: 0.18551237
A16: 3500000 | C16: 1893939.4 | D16: 138 | E16: 0.30742049
A17: 900000 | C17: 2242424.2 | D17: 149 | E17: 0.43904594
A18: 4312000 | C18: 2590909.1 | D18: 116 | E18: 0.54151943
A19: 4000000 | C19: 2939393.9 | D19: 56 | E19: 0.5909894
A20: 2200000 | C20: 3287878.8 | D20: 100 | E20: 0.67932862
A21: 2500000 | C21: 3636363.6 | D21: 55 | E21: 0.72791519
A22: 5000000 | C22: 3984848.5 | D22: 34 | E22: 0.75795053
A23: 2464000 | C23: 4333333.3 | D23: 93 | E23: 0.84010601
... A44: 1600000 | C44: 11651515 | D44: 0 | E44: 0.99911661
A45: 1500000 | C45: y mayor... | D45: 1 | E45: 1
A46: 1500000
A47: 2464000 | C47: Frecuencia de $3.000.000 | D47: =+COUNTIF(A2:A1134,"=3000000") -> 66
A48: 2464000 | C48: P(x = 3.000.000) | D48: =+D47/D2 -> 0.058252427
A49: 3500000 | C49: Frecuencia de <$3.000.000 | D49: =+COUNTIF(A2:A1134,"<=3000000") -> 741
A50: 1500000 | C50: P(x <= 3.000.000) | D50: =+D49/D2 -> 0.65401589
A51: 2000000
A52: 3000000 | C52: Frecuencia de $2.000.000 | D52: =+COUNTIF(A2:A1134,"=2000000") -> 90
A53: 2500000 | C53: P(x = 2.000.000) | D53: =+D52/D2 -> 0.079435128 | E53: Probabilidad individual
A54: 1500000 | C54: Frecuencia de <$2.000.000 | D54: =+COUNTIF(A2:A1134,"<=2000000") -> 464
A55: 1567000 | C55: P(x <= 2.000.000) | D55: =+D54/D2 -> 0.40953222 | E55: Probabilidad acumulada
A56: 1050000
A57: 4574257
A58: 2200000 | C58: Promedio | D58: =AVERAGE(A2:A1134) -> 2808479.8
A59: 2800000 | C59: Mediana | D59: =MEDIAN(A2:A1134) -> 2500000
A60: 2100000 | C60: Moda | D60: =MODE(A2:A1134) -> 2000000
A61: 2000000
A62: 1900000 | C62: PERCENTILES | D62: SALARIOS
A63: 1900000 | C63: 0.01 | D63: =PERCENTILE($A$2:$A$1134,C63) -> 737717
A64: 4000000 | C64: 0.1 | D64: =PERCENTILE($A$2:$A$1134,C64) -> 1289760
A65: 1200000 | C65: 0.2 | D65: =PERCENTILE($A$2:$A$1134,C65) -> 1600000
A66: 1500000 | C66: 0.25 | D66: =PERCENTILE($A$2:$A$1134,C66) -> 1800000
A67: 2000000 | C67: 0.5 | D67: =PERCENTILE($A$2:$A$1134,C67) -> 2500000 | E67: Mediana
A68: 2200000 | C68: 0.75 | D68: =PERCENTILE($A$2:$A$1134,C68) -> 3800000
A69: 2000000 | C69: 0.9 | D69: =PERCENTILE($A$2:$A$1134,C69) -> 4690870
A70: 1275000 | C70: 0.95 | D70: =PERCENTILE($A$2:$A$1134,C70) -> 5000000
A71: 2000000
A72: 1200000 | C72: Varianza | D72: =VAR(A2:A1134) -> 1.9985033e+12
A73: 4800000 | C73: Desviación estándar | D73: =STDEV(A2:A1134) -> 1413684.3
A74: 3800000 | C74: Coeficiente de variación | D74: =D73/D54 -> 3046.7334
A75: 4065100 | C75: Sesgo | D75: =SKEW(A2:A1134) -> 1.1357725
A76: 900000 | C76: Curtosis | D76: =KURT(A2:A1134) -> 2.6403496
A77: 4849800
A78: 1500000
A79: 1000000 | C79: Salario
A80: 3500000
A81: 3500000 | C81: Media | D81: 2808479.8
A82: 1800000 | C82: Error típico | D82: 41998.857
A83: 1100000 | C83: Mediana | D83: 2500000
A84: 1500000 | C84: Moda | D84: 2000000
A85: 2000000 | C85: Desviación estándar | D85: 1413684.3
A86: 2000000 | C86: Varianza de la muestra | D86: 1.9985033e+12
A87: 2000000 | C87: Curtosis | D87: 2.6403496
A88: 2000000 | C88: Coeficiente de asimetría | D88: 1.1357725
A89: 1600000 | C89: Rango | D89: 11500000
A90: 1500000 | C90: Mínimo | D90: 500000
A91: 1400000 | C91: Máximo | D91: 12000000
A92: 1800000 | C92: Suma | D92: 3182007657
... A95: 4000000 | C95: Menor(10) | D95: 689455
A96: 4500000
A97: 2500000
A98: 2048000
A99: 1900000
A100: 1875000
A101: 2171000
A102: 1200000
A103: 1600000
A104: 1800000
A105: 2500000
A106: 1953549
A107: 1953500
... A1134: 4631285

Sheet Distribuciones de probabilidad
A1: Distribución Normal:
A2: Parámetros:
A3: Media | B3: µ | C3: =+AVERAGE(Especialistas!A2:A81) -> 4731496.3 | D3: >=PROMEDIO(Especialistas!A2:A81)
A4: Desviación estándar | B4: σ | C4: =+STDEV(Especialistas!A2:A81) -> 1573953.3 | D4: >=DESVEST(Especialistas!A2:A81)
B6: x | C6: Prob.
A7: P(x = 4.000.000) | B7: 4000000 | C7: =+NORMDIST(B7,C3,C4,0) -> 2.2751805e-07 | D7: Prob. Indiv. | E7: f(x) | F7: >=DISTR.NORM(B7;C3;C4;0)
A8: P(x < 4.000.000) | B8: 4000000 | C8: =+NORMDIST(B8,C3,C4,1) -> 0.32105491 | D8: Prob. Acum. | E8: F(x) | F8: >=DISTR.NORM(B8;C3;C4;1)
A9: P(x = 4.731.496) | B9: =+C3 -> 4731496.3 | C9: =+NORMDIST(B9,C3,C4,0) -> 2.5346514e-07 | D9: Prob. Indiv. | E9: f(x)
A10: P(x < 4.731.496) | B10: =+C3 -> 4731496.3 | C10: =+NORMDIST(B10,C3,C4,1) -> 0.5 | D10: Prob. Acum. | E10: F(x)
A11: P(x = 1.000.000) | B11: 1000000 | C11: =+NORMDIST(B11,C3,C4,0) -> 1.5255321e-08
A12: P(x < 1.000.000) | B12: 1000000 | C12: =+NORMDIST(B12,C3,C4,1) -> 0.0088753065
A13: P(x = 500.000) | B13: 500000 | C13: =+NORMDIST(B13,C3,C4,0) -> 6.8301172e-09
A14: P(x < 500.000) | B14: 500000 | C14: =+NORMDIST(B14,C3,C4,1) -> 0.0035892182
A15: P(x = -100.000) | B15: -100000 | C15: =+NORMDIST(B15,C3,C4,0) -> 2.2792125e-09
A16: P(x < -100.000) | B16: -100000 | C16: =+NORMDIST(B16,C3,C4,1) -> 0.0010715246
A18: P(<x) | B18: x
A19: 1e-06 | B19: =+NORMINV(A19,C3,C4) -> -2750171.4 | C19: >=DISTR.NORM.INV(A19;C3;C4)
A20: 0.1 | B20: =+NORMINV(A20,C3,C4) -> 2714394
A21: 0.32 | B21: =+NORMINV(A21,C3,C4) -> 3995360.2
A22: 0.4 | B22: =+NORMINV(A22,C3,C4) -> 4332739.8
A23: 0.5 | B23: =+NORMINV(A23,C3,C4) -> 4731496.3
A24: 0.7 | B24: =+NORMINV(A24,C3,C4) -> 5556878.2
A25: 0.99999 | B25: =+NORMINV(A25,C3,C4) -> 11444235
A28: Distribución Normal Estándar:
B29: x | C29: z | D29: Prob.
A30: P(x < 4.000.000) | B30: 4000000 | C30: =+(B30-C3)/C4 -> -0.46475095 | D30: =+_xlfn.NORM.S.DIST(C30,1) -> 0.32105491 | E30: Prob. Acum. | F30: F(x) | G30: >=DISTR.NORM.ESTAND.N(C30;1)
A32: P(<x) | B32: z | C32: x
A33: 1e-06 | B33: =+_xlfn.NORM.S.INV(A33) -> -4.7534243 | C33: =B33*C4+C3 -> -2750171.4
A34: 0.1 | B34: =+_xlfn.NORM.S.INV(A34) -> -1.2815516 | C34: =B34*$C$4+$C$3 -> 2714394
A35: 0.32 | B35: =+_xlfn.NORM.S.INV(A35) -> -0.4676988 | C35: =B35*$C$4+$C$3 -> 3995360.2
A36: 0.4 | B36: =+_xlfn.NORM.S.INV(A36) -> -0.2533471 | C36: =B36*$C$4+$C$3 -> 4332739.8
A37: 0.5 | B37: =+_xlfn.NORM.S.INV(A37) -> 0 | C37: =B37*$C$4+$C$3 -> 4731496.3
A38: 0.7 | B38: =+_xlfn.NORM.S.INV(A38) -> 0.52440051 | C38: =B38*$C$4+$C$3 -> 5556878.2
A39: 0.99999 | B39: =+_xlfn.NORM.S.INV(A39) -> 4.2648908 | C39: =B39*$C$4+$C$3 -> 11444235
A42: Distribución triangular:
A43: Parámetros:
A44: Mínimo | B44: a | C44: =+MIN(Especialistas!A2:A81) -> 900000 | D44: >=MIN(Especialistas!A2:A81)
A45: Más probable | B45: b | C45: =+MODE(Especialistas!A2:A81) -> 6085454 | D45: >=MODA(Especialistas!A2:A81)
A46: Máximo | B46: c | C46: =+MAX(Especialistas!A2:A81) -> 7500000 | D46: >=MAX(Especialistas!A2:A81)
B48: x | C48: Prob.
A49: P(x = 4.000.000) | B49: 4000000 | C49: =+IF(B49<=C45,2*(B49-C44)/((C45-C44)*(C46-C44)),2*(C46-B49)/((C46-C45)*(C46-C44))) -> 1.8115944e-07 | D49: Prob. Indiv. | E49: f(x) | F49: >=SI(B49<=C45;2*(B49-C44)/((C45-C44)*(C46-C44));2*(C46-B49)/((C46-C45)*(C46-C44)))
A50: P(x < 4.000.000) | B50: 4000000 | C50: =+IF(B50<=C45,(B50-C44)^2/((C45-C44)*(C46-C44)),1-(C46-B50)^2/((C46-C45)*(C46-C44))) -> 0.28079713 | D50: Prob. Acum. | E50: F(x) | F50: >=SI(B50<=C45;(B50-C44)^2/((C45-C44)*(C46-C44));1-(C46-B50)^2/((C46-C45)*(C46-C44)))
A52: P(<x) | B52: x
A53: 1e-06 | B53: =+IF(A53<=(C45-C44)/(C46-C44),C44+SQRT(A53*C45*(C46-C44)),C46+SQRT((1-A53)*(C45-C44)*(C46-C44))) -> 906337.51 | C53: >=SI(A53<=(C45-C44)/(C46-C44);C44+RAIZ(A53*C45*(C46-C44));C46+RAIZ((1-A53)*(C45-C44)*(C46-C44)))
A54: 0.1 | B54: =+IF(A54<=($C$45-$C$44)/($C$46-$C$44),$C$44+SQRT(A54*$C$45*($C$46-$C$44)),$C$46+SQRT((1-A54)*($C$45-$C$44)*($C$46-$C$44))) -> 2904095.7
A55: 0.32 | B55: =+IF(A55<=($C$45-$C$44)/($C$46-$C$44),$C$44+SQRT(A55*$C$45*($C$46-$C$44)),$C$46+SQRT((1-A55)*($C$45-$C$44)*($C$46-$C$44))) -> 4485035.4
A56: 0.4 | B56: =+IF(A56<=($C$45-$C$44)/($C$46-$C$44),$C$44+SQRT(A56*$C$45*($C$46-$C$44)),$C$46+SQRT((1-A56)*($C$45-$C$44)*($C$46-$C$44))) -> 4908191.4
A57: 0.5 | B57: =+IF(A57<=($C$45-$C$44)/($C$46-$C$44),$C$44+SQRT(A57*$C$45*($C$46-$C$44)),$C$46+SQRT((1-A57)*($C$45-$C$44)*($C$46-$C$44))) -> 5381294.3
A58: 0.7 | B58: =+IF(A58<=($C$45-$C$44)/($C$46-$C$44),$C$44+SQRT(A58*$C$45*($C$46-$C$44)),$C$46+SQRT((1-A58)*($C$45-$C$44)*($C$46-$C$44))) -> 6202338.9
A59: 0.99999 | B59: =+IF(A59<=($C$45-$C$44)/($C$46-$C$44),$C$44+SQRT(A59*$C$45*($C$46-$C$44)),$C$46+SQRT((1-A59)*($C$45-$C$44)*($C$46-$C$44))) -> 7518499.7
A61: Distribución uniforme continua:
A62: Parámetros:
A63: Mínimo | B63: =+MIN(Especialistas!A2:A81) -> 900000 | C63: >=MIN(Especialistas!A2:A81)
A64: Máximo | B64: =+MAX(Especialistas!A2:A81) -> 7500000 | C64: >=MAX(Especialistas!A2:A81)
B66: x | C66: Prob.
A67: P(x = 4.000.000) | B67: 4000000 | C67: =1/(B64-B63) -> 1.5151515e-07 | D67: Prob. Indiv. | E67: f(x) | F67: >=1/(B64-B63)
A68: P(x < 4.000.000) | B68: 4000000 | C68: =+(B68-B63)/(B64-B63) -> 0.46969697 | D68: Prob. Acum. | E68: F(x) | F68: >=(B68-B63)/(B64-B63)
A70: P(<x) | B70: x
A71: 1e-06 | B71: =+B63+A71*(B64-B63) -> 900006.6 | C71: >=B63+A71*(B64-B63)
A72: 0.1 | B72: =+$B$63+A72*($B$64-$B$63) -> 1560000
A73: 0.32 | B73: =+$B$63+A73*($B$64-$B$63) -> 3012000
A74: 0.4 | B74: =+$B$63+A74*($B$64-$B$63) -> 3540000
A75: 0.5 | B75: =+$B$63+A75*($B$64-$B$63) -> 4200000
A76: 0.7 | B76: =+$B$63+A76*($B$64-$B$63) -> 5520000
A77: 0.99999 | B77: =+$B$63+A77*($B$64-$B$63) -> 7499934
A80: Distribución Lognormal:
A81: Parámetros:
A82: Media | B82: µ | C82: {=AVERAGE(LN(Especialistas!A2:A81))} -> 15.285848 | D82: >=PROMEDIO(LN(Especialistas!A2:A81))
A83: Desviación estándar | B83: σ | C83: {=+STDEV(LN(Especialistas!A2:A81))} -> 0.47017174 | D83: >=DESVEST(LN(Especialistas!A2:A81))
B85: x | C85: Prob.
A86: P(x = ln(4.000.000)) | B86: 4000000 | C86: =+_xlfn.LOGNORM.DIST(B86,C82,C83,0) -> 2.0876387e-07 | D86: Prob. Indiv. | E86: f(x) | F86: >=DISTR.LOGNORM(B86;C82;C83;0)
A87: P(x < 4.000.000) | B87: 4000000 | C87: =+_xlfn.LOGNORM.DIST(B87,C82,C83,1) -> 0.42906686 | D87: Prob. Acum. | E87: F(x) | F87: >=DISTR.LOGNORM(B87;C82;C83;1)
A88: P(x = 4.731.496) | B88: =+C3 -> 4731496.3 | C88: =+_xlfn.LOGNORM.DIST(B88,C82,C83,0) -> 1.7649803e-07 | D88: Prob. Indiv. | E88: f(x)
A89: P(x < 4.731.496) | B89: =+B88 -> 4731496.3 | C89: =+_xlfn.LOGNORM.DIST(B89,C82,C83,1) -> 0.57081655 | D89: Prob. Acum. | E89: F(x)
A90: P(x = 1.000.000) | B90: 1000000 | C90: =+_xlfn.LOGNORM.DIST(B90,C82,C83,0) -> 6.3832232e-09
A91: P(x < 1.000.000) | B91: 1000000 | C91: =+_xlfn.LOGNORM.DIST(B91,C82,C83,1) -> 0.0008822927
A92: P(x = 8.000.000) | B92: 8000000 | C92: =+_xlfn.LOGNORM.DIST(B92,C82,C83,0) -> 4.5827414e-08
A93: P(x < 8.000.000) | B93: =+B92 -> 8000000 | C93: =+_xlfn.LOGNORM.DIST(B93,C82,C83,1) -> 0.90242475
A94: P(x = -100.000) | B94: -100000 | C94: =+_xlfn.LOGNORM.DIST(B94,C82,C83,0) -> #NUM!
A95: P(x < -100.000) | B95: -100000 | C95: =+_xlfn.LOGNORM.DIST(B95,C82,C83,1) -> #NUM!
A97: P(<x) | B97: x
A98: 1e-06 | B98: =+LOGINV(A98,C82,C83) -> 465525.67 | C98: >=DISTR.LOG.INV(A98;C82;C83)
A99: 0.1 | B99: =+LOGINV(A99,$C$82,$C$83) -> 2381637.8
A100: 0.32 | B100: =+LOGINV(A100,$C$82,$C$83) -> 3491875.5
A101: 0.4 | B101: =+LOGINV(A101,$C$82,$C$83) -> 3862138.7
A102: 0.5 | B102: =+LOGINV(A102,$C$82,$C$83) -> 4350704.3
A103: 0.7 | B103: =+LOGINV(A103,$C$82,$C$83) -> 5567221.2
A104: 0.99999 | B104: =+LOGINV(A104,$C$82,$C$83) -> 32316207
